word,len,d_F,d_K,d_D,d_S,syl_hist,tri_code,tri_name,pos,i3rab
م,1,0,0,0,0,"[0.0, 0.0, 0.0, 0.0, 0.0, 0.0]",,NA,none,مبني
ح,1,0,0,0,0,"[0.0, 0.0, 0.0, 0.0, 0.0, 0.0]",,NA,none,مبني
م,1,0,0,0,0,"[0.0, 0.0, 0.0, 0.0, 0.0, 0.0]",,NA,none,مبني
د,1,0,0,0,0,"[0.0, 0.0, 0.0, 0.0, 0.0, 0.0]",,NA,none,مبني
ر,1,0,0,0,0,"[0.0, 0.0, 0.0, 0.0, 0.0, 0.0]",,NA,none,مبني
س,1,0,0,0,0,"[0.0, 0.0, 0.0, 0.0, 0.0, 0.0]",,NA,none,مبني
ول,2,0,0,0,0,"[0.0, 0.0, 0.0, 0.0, 0.0, 0.0]",,NA,none,مبني
الل,3,0,0,0,0,"[0.0, 0.0, 0.0, 0.0, 0.0, 0.0]",,NA,none,مبني
ه,1,0,0,0,0,"[0.0, 0.0, 0.0, 0.0, 0.0, 0.0]",,NA,none,مبني
